{
  "scalability": [
    {
      "name": "scale_1000",
      "size": 1000,
      "iterations": 10,
      "mean_time_ms": 50.86357525,
      "std_time_ms": 0.3215845388371216,
      "median_time_ms": 50.80583125,
      "min_time_ms": 100.867841,
      "max_time_ms": 105.43392
    },
    {
      "name": "scale_10000",
      "size": 10000,
      "iterations": 10,
      "mean_time_ms": 30374.858892080003,
      "std_time_ms": 313.0804298243969,
      "median_time_ms": 30272.8630615,
      "min_time_ms": 30227.383256,
      "max_time_ms": 32252.572978
    },
    {
      "name": "scale_5000",
      "size": 5000,
      "iterations": 10,
      "mean_time_ms": 4229.40432606,
      "std_time_ms": 14.716160138941454,
      "median_time_ms": 4226.9152695,
      "min_time_ms": 4220.324512,
      "max_time_ms": 4326.688359
    }
  ]
}